number,core_file,complete_file,eps_crust_join,P_crust_join,mu_crust_table,mu_crust_gibbs,eps_core_join,P_core_join,n_core_join,mu_core_table,mu_core_gibbs,a1,a2,n_raw_at_core,n_endpoint_correction_percent,cs2_min_bridge,cs2_max_bridge,rows_complete
1,hyperon_EOS_001_ID_00130_core.dat,hyperon_EOS_001_ID_00130_complete.dat,0.09354463780348118,0.0001580036391730732,937.0254874063642,937.0264144265426,37.897871,0.153243,0.04,951.279701,951.2778500000002,0.00010691986547454294,0.0012029782498684364,0.04007084002717633,-0.17678697808252153,0.0007281197497155983,0.005387675739868533,635
2,hyperon_EOS_002_ID_00230_core.dat,hyperon_EOS_002_ID_00230_complete.dat,0.09354463780348118,0.0001580036391730732,937.0254874063642,937.0264144265426,37.946451,0.181041,0.04,953.189144,953.1873,9.77468426653685e-05,0.0014189949245586504,0.0400508061122299,-0.12685415641205955,0.0008588669241778431,0.006357845451118635,635
3,hyperon_EOS_003_ID_00573_core.dat,hyperon_EOS_003_ID_00573_complete.dat,0.09354463780348118,0.0001580036391730732,937.0254874063642,937.0264144265426,37.905337,0.150846,0.04,951.406404,951.4045750000001,0.00010773294306440316,0.0011838309828354717,0.040085015907851976,-0.21208899616607102,0.0007165305931524561,0.005302270655868701,635
4,hyperon_EOS_004_ID_00658_core.dat,hyperon_EOS_004_ID_00658_complete.dat,0.09354463780348118,0.0001580036391730732,937.0254874063642,937.0264144265426,38.044477,0.24762,0.04,957.304233,957.302425,7.585083877607784e-05,0.0019346266903968346,0.03998397267245506,0.04008437999953873,0.001170960407437886,0.008675605280322254,635
5,hyperon_EOS_005_ID_01660_core.dat,hyperon_EOS_005_ID_01660_complete.dat,0.09354463780348118,0.0001580036391730732,937.0254874063642,937.0264144265426,37.783014,0.081144,0.04,946.605769,946.60395,0.0001308693480616447,0.0006389888543724811,0.04013551636760581,-0.33764700163465555,0.0003867571211429891,0.002858890705117326,635
6,hyperon_EOS_006_ID_01776_core.dat,hyperon_EOS_006_ID_01776_complete.dat,0.09354463780348118,0.0001580036391730732,937.0254874063642,937.0264144265426,37.921312,0.174198,0.04,952.38956,952.3877499999999,9.997515381210363e-05,0.0013665201434416303,0.04004165547810964,-0.10403035941510819,0.0008271058142014291,0.006121378389938544,635
7,hyperon_EOS_007_ID_01937_core.dat,hyperon_EOS_007_ID_01937_complete.dat,0.09354463780348118,0.0001580036391730732,937.0254874063642,937.0264144265426,37.806458,0.103218,0.04,947.743724,947.7418999999999,0.00012350202902481364,0.0008124827824728719,0.04010307428580419,-0.2570234019207751,0.0004917667965211166,0.0036358690525297795,635
8,hyperon_EOS_008_ID_02308_core.dat,hyperon_EOS_008_ID_02308_complete.dat,0.09354463780348118,0.0001580036391730732,937.0254874063642,937.0264144265426,37.78438,0.091965,0.04,946.910456,946.908625,0.00012724526417553337,0.0007243328643201259,0.04010878612134457,-0.27122765823789363,0.00043841280084426433,0.0032407661485451384,635
9,hyperon_EOS_009_ID_02900_core.dat,hyperon_EOS_009_ID_02900_complete.dat,0.09354463780348118,0.0001580036391730732,937.0254874063642,937.0264144265426,37.949709,0.181781,0.04,953.289079,953.28725,9.750725741553806e-05,0.0014246369479188705,0.04005237194546979,-0.13075866153717808,0.0008622818393164854,0.0063833073658117545,635
10,hyperon_EOS_010_ID_02972_core.dat,hyperon_EOS_010_ID_02972_complete.dat,0.09354463780348118,0.0001580036391730732,937.0254874063642,937.0264144265426,38.008728,0.213896,0.04,955.567413,955.5655999999999,8.695755415230288e-05,0.0016730732447972887,0.04003253569983036,-0.08127314261159313,0.0010126514526683202,0.007500348953038636,635
11,hyperon_EOS_011_ID_03186_core.dat,hyperon_EOS_011_ID_03186_complete.dat,0.09354463780348118,0.0001580036391730732,937.0254874063642,937.0264144265426,37.968258,0.190047,0.04,953.959434,953.9576249999999,9.479516501704711e-05,0.0014885043549407602,0.040050828154452954,-0.1269091222207419,0.0009009384986707575,0.006670561668819358,635
12,hyperon_EOS_012_ID_03321_core.dat,hyperon_EOS_012_ID_03321_complete.dat,0.09354463780348118,0.0001580036391730732,937.0254874063642,937.0264144265426,37.780971,0.095146,0.04,946.904771,946.902925,0.00012617569412808933,0.0007495203046877694,0.040096865376838695,-0.24157842746143077,0.0004536578584988569,0.0033533574103877814,635
13,hyperon_EOS_013_ID_03332_core.dat,hyperon_EOS_013_ID_03332_complete.dat,0.09354463780348118,0.0001580036391730732,937.0254874063642,937.0264144265426,37.913427,0.162295,0.04,951.894891,951.8930499999999,0.00010392886063265813,0.0012734138013073884,0.04006401612655949,-0.15978459662473465,0.0007707518721919762,0.005703909633891879,635
14,hyperon_EOS_014_ID_03431_core.dat,hyperon_EOS_014_ID_03431_complete.dat,0.09354463780348118,0.0001580036391730732,937.0254874063642,937.0264144265426,37.932333,0.181348,0.04,952.843847,952.8420249999999,9.76146078834344e-05,0.001422108938168561,0.0400349466902987,-0.08729046292740295,0.0008607517253457005,0.006371007565572677,635
15,hyperon_EOS_015_ID_03564_core.dat,hyperon_EOS_015_ID_03564_complete.dat,0.09354463780348118,0.0001580036391730732,937.0254874063642,937.0264144265426,37.8081,0.121566,0.04,948.243462,948.24165,0.00011736198507980987,0.0009570754541628341,0.04005714600612952,-0.14266120237517166,0.0005792835740963711,0.004282984793026544,635
16,hyperon_EOS_016_ID_03814_core.dat,hyperon_EOS_016_ID_03814_complete.dat,0.09354463780348118,0.0001580036391730732,937.0254874063642,937.0264144265426,37.866173,0.152413,0.04,950.46647,950.4646500000001,0.00010714009830307107,0.0011977919591259032,0.040039155906432256,-0.0977940357278273,0.000724980673246162,0.005362952307562986,635
17,hyperon_EOS_017_ID_03987_core.dat,hyperon_EOS_017_ID_03987_complete.dat,0.09354463780348118,0.0001580036391730732,937.0254874063642,937.0264144265426,37.886318,0.156775,0.04,951.079156,951.0773250000001,0.00010571999572053819,0.0012312341345112,0.04004936577813265,-0.12326232182084951,0.0007452220270479873,0.005513662566497998,635
18,hyperon_EOS_018_ID_04157_core.dat,hyperon_EOS_018_ID_04157_complete.dat,0.09354463780348118,0.0001580036391730732,937.0254874063642,937.0264144265426,37.929118,0.173164,0.04,952.558878,952.55705,0.00010033574403507762,0.0013580285586594868,0.04005265846207301,-0.131473075932953,0.0008219661613548881,0.006083757400878306,635
19,hyperon_EOS_019_ID_04237_core.dat,hyperon_EOS_019_ID_04237_complete.dat,0.09354463780348118,0.0001580036391730732,937.0254874063642,937.0264144265426,37.905646,0.151766,0.04,951.437118,951.4353,0.00010742657377238392,0.001191045712054612,0.040082963229616395,-0.20697878333280073,0.0007208974109514319,0.005334599263523175,635
20,hyperon_EOS_020_ID_04288_core.dat,hyperon_EOS_020_ID_04288_complete.dat,0.09354463780348118,0.0001580036391730732,937.0254874063642,937.0264144265426,37.988971,0.20052,0.04,954.739085,954.737275,9.135750824747476e-05,0.001569458169134552,0.040045917946916865,-0.11466323977822324,0.0009499369497531049,0.0070346256546144235,635
21,hyperon_EOS_021_ID_04352_core.dat,hyperon_EOS_021_ID_04352_complete.dat,0.09354463780348118,0.0001580036391730732,937.0254874063642,937.0264144265426,37.959996,0.194228,0.04,953.857424,953.8556,9.338467890032616e-05,0.0015217200709559911,0.0400312246159747,-0.07800065142707924,0.0009210427847077487,0.006818919416152368,635
22,hyperon_EOS_022_ID_04370_core.dat,hyperon_EOS_022_ID_04370_complete.dat,0.09354463780348118,0.0001580036391730732,937.0254874063642,937.0264144265426,37.802813,0.116148,0.04,947.975836,947.9740250000001,0.00011916843209366287,0.0009145352048846673,0.04006557295001539,-0.16366407663057636,0.0005535354812604072,0.004092423194993675,635
23,hyperon_EOS_023_ID_04471_core.dat,hyperon_EOS_023_ID_04471_complete.dat,0.09354463780348118,0.0001580036391730732,937.0254874063642,937.0264144265426,37.869176,0.145224,0.04,950.361816,950.36,0.00010954683968112908,0.001141115301916738,0.04006098117534277,-0.15222087316298927,0.0006906763178129966,0.0051093252609217535,635
24,hyperon_EOS_024_ID_05131_core.dat,hyperon_EOS_024_ID_05131_complete.dat,0.09354463780348118,0.0001580036391730732,937.0254874063642,937.0264144265426,37.878218,0.142591,0.04,950.522051,950.520225,0.000110441495522969,0.0011200469383067465,0.04007745560756407,-0.1932647828807088,0.0006779243901365802,0.005015391114913837,635
25,hyperon_EOS_025_ID_05195_core.dat,hyperon_EOS_025_ID_05195_complete.dat,0.09354463780348118,0.0001580036391730732,937.0254874063642,937.0264144265426,37.867742,0.143904,0.04,950.292992,950.2911499999999,0.00010998533774393353,0.0011307890555576447,0.040062870781767713,-0.15693029615921894,0.0006844262098702247,0.005063025751126331,635
26,hyperon_EOS_026_ID_05430_core.dat,hyperon_EOS_026_ID_05430_complete.dat,0.09354463780348118,0.0001580036391730732,937.0254874063642,937.0264144265426,37.92174,0.175876,0.04,952.442225,952.4404000000001,9.941655633477085e-05,0.0013796746261082477,0.04003777642051908,-0.09435194432956262,0.0008350677525223448,0.00618032764121285,635
27,hyperon_EOS_027_ID_05471_core.dat,hyperon_EOS_027_ID_05471_complete.dat,0.09354463780348118,0.0001580036391730732,937.0254874063642,937.0264144265426,37.974892,0.206471,0.04,954.535904,954.5340749999999,8.934409858265437e-05,0.0016168722080649514,0.04001555720905966,-0.03887790185796991,0.000978634973314864,0.007246249474570983,635
28,hyperon_EOS_028_ID_06167_core.dat,hyperon_EOS_028_ID_06167_complete.dat,0.09354463780348118,0.0001580036391730732,937.0254874063642,937.0264144265426,37.884752,0.157196,0.04,951.05053,951.0486999999999,0.00010557656245712237,0.0012346118625783382,0.040046604722466815,-0.11637621413799204,0.0007472664451537352,0.005528712393754719,635
29,hyperon_EOS_029_ID_06564_core.dat,hyperon_EOS_029_ID_06564_complete.dat,0.09354463780348118,0.0001580036391730732,937.0254874063642,937.0264144265426,37.75352,0.083056,0.04,945.916216,945.9144,0.000130199789298409,0.0006547563783994803,0.0400990410791438,-0.2469911411305814,0.000396300640029909,0.002928673501550816,635
30,hyperon_EOS_030_ID_06600_core.dat,hyperon_EOS_030_ID_06600_complete.dat,0.09354463780348118,0.0001580036391730732,937.0254874063642,937.0264144265426,37.820158,0.128988,0.04,948.730489,948.7286499999999,0.00011489578865491971,0.0010151522257920125,0.04005075386877347,-0.12672387875585223,0.000614435368758953,0.0045433656203955255,635
31,hyperon_EOS_031_ID_07180_core.dat,hyperon_EOS_031_ID_07180_complete.dat,0.09354463780348118,0.0001580036391730732,937.0254874063642,937.0264144265426,37.817389,0.12875,0.04,948.655297,948.6534749999998,0.0001149712237444551,0.00101337579532461,0.0400484155088683,-0.1208924454391358,0.0006133601588726115,0.004535304425741134,635
32,hyperon_EOS_032_ID_07572_core.dat,hyperon_EOS_032_ID_07572_complete.dat,0.09354463780348118,0.0001580036391730732,937.0254874063642,937.0264144265426,37.844366,0.128427,0.04,949.321656,949.319825,0.00011512011983566688,0.0010098694224345557,0.040078051557131615,-0.1947488814927789,0.0006112378766523011,0.004520686289390759,635
33,hyperon_EOS_033_ID_07924_core.dat,hyperon_EOS_033_ID_07924_complete.dat,0.09354463780348118,0.0001580036391730732,937.0254874063642,937.0264144265426,37.921667,0.161757,0.04,952.087413,952.0856,0.00010412390977120227,0.0012688205644664908,0.04007420257820733,-0.18516295629967816,0.0007679717500581433,0.0056837471865439125,635
34,hyperon_EOS_034_ID_07961_core.dat,hyperon_EOS_034_ID_07961_complete.dat,0.09354463780348118,0.0001580036391730732,937.0254874063642,937.0264144265426,37.910857,0.173923,0.04,952.121334,952.1195,0.00010004553270595409,0.0013648627819661148,0.0400312082030026,-0.07795968296619993,0.0008261026725212926,0.006113392247759669,635
35,hyperon_EOS_035_ID_08061_core.dat,hyperon_EOS_035_ID_08061_complete.dat,0.09354463780348118,0.0001580036391730732,937.0254874063642,937.0264144265426,37.779965,0.098475,0.04,946.962803,946.9609999999999,0.00012505906497065083,0.0007758159459905198,0.040087127784022944,-0.21734603809073771,0.00046957367058113157,0.0034709734267895464,635
36,hyperon_EOS_036_ID_08413_core.dat,hyperon_EOS_036_ID_08413_complete.dat,0.09354463780348118,0.0001580036391730732,937.0254874063642,937.0264144265426,37.913164,0.185318,0.04,952.46388,952.4620500000001,9.624982196277427e-05,0.0014542484544848358,0.040004239854607195,-0.010598513114112862,0.0008802046261597806,0.0065138940546010955,635
37,hyperon_EOS_037_ID_08672_core.dat,hyperon_EOS_037_ID_08672_complete.dat,0.09354463780348118,0.0001580036391730732,937.0254874063642,937.0264144265426,37.799118,0.112927,0.04,947.802955,947.801125,0.00012024194879054059,0.000889254824370186,0.04006999688119294,-0.17468651520108347,0.0005382341702558796,0.003979167205302143,635
38,hyperon_EOS_038_ID_09055_core.dat,hyperon_EOS_038_ID_09055_complete.dat,0.09354463780348118,0.0001580036391730732,937.0254874063642,937.0264144265426,37.864162,0.161202,0.04,950.635908,950.6341000000001,0.00010420016246366599,0.0012670248801642872,0.04001426292630967,-0.03564460586450435,0.0007668848865135764,0.005672832966699447,635
39,hyperon_EOS_039_ID_09188_core.dat,hyperon_EOS_039_ID_09188_complete.dat,0.09354463780348118,0.0001580036391730732,937.0254874063642,937.0264144265426,37.930447,0.179802,0.04,952.75804,952.7562250000001,9.812590528448235e-05,0.0014100683309827093,0.040036926707088305,-0.09223162246808636,0.0008534639760521908,0.006316961291271381,635
40,hyperon_EOS_040_ID_09294_core.dat,hyperon_EOS_040_ID_09294_complete.dat,0.09354463780348118,0.0001580036391730732,937.0254874063642,937.0264144265426,37.925505,0.179547,0.04,952.628131,952.6263,9.820050785135434e-05,0.001408311505696837,0.04003231123287548,-0.08071288386901632,0.0008524006324816955,0.0063088168763878434,635
41,hyperon_EOS_041_ID_09706_core.dat,hyperon_EOS_041_ID_09706_complete.dat,0.09354463780348118,0.0001580036391730732,937.0254874063642,937.0264144265426,37.82461,0.108997,0.04,948.341999,948.340175,0.00012159070137195732,0.0008574928791882678,0.04010742659250907,-0.26784713365064494,0.000519009799758019,0.0038379037456875483,635
42,hyperon_EOS_042_ID_09848_core.dat,hyperon_EOS_042_ID_09848_complete.dat,0.09354463780348118,0.0001580036391730732,937.0254874063642,937.0264144265426,37.797881,0.120325,0.04,947.956975,947.9551499999999,0.00011776290696589151,0.0009476340939434674,0.04004945913732223,-0.12349514422316243,0.0005735690561151426,0.004240351889674595,635
43,hyperon_EOS_043_ID_10099_core.dat,hyperon_EOS_043_ID_10099_complete.dat,0.09354463780348118,0.0001580036391730732,937.0254874063642,937.0264144265426,37.836394,0.145209,0.04,949.541917,949.540075,0.00010949585092831264,0.001142316042507832,0.040026028463058,-0.06502884262430397,0.0006914030831878123,0.005113225259576681,635
44,hyperon_EOS_044_ID_10180_core.dat,hyperon_EOS_044_ID_10180_complete.dat,0.09354463780348118,0.0001580036391730732,937.0254874063642,937.0264144265426,37.924894,0.195728,0.04,953.017358,953.0155500000001,9.280482691272917e-05,0.0015353750787739087,0.039989898330684455,0.025260552632611066,0.0009293076730179356,0.006877986973343938,635
45,hyperon_EOS_045_ID_10181_core.dat,hyperon_EOS_045_ID_10181_complete.dat,0.09354463780348118,0.0001580036391730732,937.0254874063642,937.0264144265426,37.923212,0.195545,0.04,952.970741,952.968925,9.286198178977657e-05,0.0015340291313431706,0.039988575404785516,0.028569647952791932,0.0009284930191316276,0.006871855967552193,635
46,hyperon_EOS_046_ID_10256_core.dat,hyperon_EOS_046_ID_10256_complete.dat,0.09354463780348118,0.0001580036391730732,937.0254874063642,937.0264144265426,37.831199,0.134369,0.04,949.141014,949.1392,0.00011311273063688309,0.001057141684648559,0.040048581367641084,-0.12130608871039339,0.0006398500878336043,0.004731751951411431,635
47,hyperon_EOS_047_ID_10432_core.dat,hyperon_EOS_047_ID_10432_complete.dat,0.09354463780348118,0.0001580036391730732,937.0254874063642,937.0264144265426,37.839911,0.140916,0.04,949.522512,949.520675,0.0001109373463779999,0.0011083700837873239,0.04004090702481099,-0.10216308233387261,0.0006708568073344163,0.004961430367480586,635
48,hyperon_EOS_048_ID_10470_core.dat,hyperon_EOS_048_ID_10470_complete.dat,0.09354463780348118,0.0001580036391730732,937.0254874063642,937.0264144265426,37.929186,0.172205,0.04,952.536594,952.534775,0.00010065554356375006,0.0013504975590982267,0.040055209619380416,-0.13783380465371975,0.0008174079164188282,0.006050023305937763,635
49,hyperon_EOS_049_ID_10492_core.dat,hyperon_EOS_049_ID_10492_complete.dat,0.09354463780348118,0.0001580036391730732,937.0254874063642,937.0264144265426,37.825431,0.113548,0.04,948.476307,948.4744750000001,0.0001200692269300933,0.0008933222733143674,0.04009647460387265,-0.24060619998580446,0.0005406960517633319,0.0039982952482619395,635
50,hyperon_EOS_050_ID_10889_core.dat,hyperon_EOS_050_ID_10889_complete.dat,0.09354463780348118,0.0001580036391730732,937.0254874063642,937.0264144265426,37.846955,0.126677,0.04,949.342617,949.3408000000001,0.00011570904767426497,0.0009960006862531506,0.04008535689712422,-0.21293784995672915,0.0006028436262006569,0.004458704483265148,635
51,hyperon_EOS_051_ID_10911_core.dat,hyperon_EOS_051_ID_10911_complete.dat,0.09354463780348118,0.0001580036391730732,937.0254874063642,937.0264144265426,37.886269,0.160853,0.04,951.179869,951.17805,0.0001043585394532184,0.0012632952403997001,0.0400387608192683,-0.09680823900435342,0.000764627468831904,0.005657234866473543,635
52,hyperon_EOS_052_ID_11071_core.dat,hyperon_EOS_052_ID_11071_complete.dat,0.09354463780348118,0.0001580036391730732,937.0254874063642,937.0264144265426,37.967354,0.210069,0.04,954.437387,954.435575,8.812820982690938e-05,0.0016455053262063957,0.03999824519489725,0.004387205224132273,0.0009959655766046624,0.0073740850026112114,635
53,hyperon_EOS_053_ID_11513_core.dat,hyperon_EOS_053_ID_11513_complete.dat,0.09354463780348118,0.0001580036391730732,937.0254874063642,937.0264144265426,37.839235,0.12568,0.04,949.124679,949.1228750000001,0.00011603092033151801,0.000988420866324657,0.040079703415316185,-0.1988622882017843,0.0005982558320407644,0.0044244717272840725,635
54,hyperon_EOS_054_ID_11717_core.dat,hyperon_EOS_054_ID_11717_complete.dat,0.09354463780348118,0.0001580036391730732,937.0254874063642,937.0264144265426,37.922402,0.173943,0.04,952.410442,952.4086249999999,0.00010006239736201167,0.001364465634046924,0.04004347772394891,-0.1085762936192336,0.0008258622930767325,0.006112233699494668,635
55,hyperon_EOS_055_ID_11846_core.dat,hyperon_EOS_055_ID_11846_complete.dat,0.09354463780348118,0.0001580036391730732,937.0254874063642,937.0264144265426,37.828844,0.133298,0.04,949.055384,949.05355,0.00011346726110260841,0.0010487928018565356,0.04004884515812472,-0.12196396158706824,0.0006347968074026424,0.004694285053627242,635
56,hyperon_EOS_056_ID_12103_core.dat,hyperon_EOS_056_ID_12103_complete.dat,0.09354463780348118,0.0001580036391730732,937.0254874063642,937.0264144265426,37.961414,0.193959,0.04,953.886144,953.8843249999999,9.347746203443679e-05,0.001519535109192038,0.04003343166480046,-0.08350936557320887,0.0009197203054252832,0.006809213254910739,635
57,hyperon_EOS_057_ID_12471_core.dat,hyperon_EOS_057_ID_12471_complete.dat,0.09354463780348118,0.0001580036391730732,937.0254874063642,937.0264144265426,37.895926,0.157798,0.04,951.344936,951.3431,0.00010539628142600861,0.0012388573233889195,0.040056973067264204,-0.1422300860540182,0.0007498360708831828,0.005548269356397273,635
58,hyperon_EOS_058_ID_12597_core.dat,hyperon_EOS_058_ID_12597_complete.dat,0.09354463780348118,0.0001580036391730732,937.0254874063642,937.0264144265426,37.968642,0.192521,0.04,954.030873,954.029075,9.397250676770016e-05,0.0015078772381361082,0.04004485444171972,-0.11201050008809998,0.0009126642126352526,0.006757401805178504,635
59,hyperon_EOS_059_ID_12625_core.dat,hyperon_EOS_059_ID_12625_complete.dat,0.09354463780348118,0.0001580036391730732,937.0254874063642,937.0264144265426,37.861012,0.146748,0.04,950.195827,950.1940000000001,0.00010902369043479994,0.0011534350097065938,0.0400483186486944,-0.120650879549411,0.0006981329967292614,0.005164115398696163,635
60,hyperon_EOS_060_ID_12849_core.dat,hyperon_EOS_060_ID_12849_complete.dat,0.09354463780348118,0.0001580036391730732,937.0254874063642,937.0264144265426,37.940266,0.190225,0.04,953.264088,953.2622749999999,9.467364780865452e-05,0.0014913659790553708,0.04002049757103638,-0.05121768163925955,0.0009026705374955143,0.006681742869249304,635
61,hyperon_EOS_061_ID_12860_core.dat,hyperon_EOS_061_ID_12860_complete.dat,0.09354463780348118,0.0001580036391730732,937.0254874063642,937.0264144265426,37.812987,0.119646,0.04,948.317638,948.315825,0.00011801160509981355,0.0009417774701228258,0.040067348756894945,-0.16808887781314397,0.0005700242509859307,0.004214706740655009,635
62,hyperon_EOS_062_ID_13251_core.dat,hyperon_EOS_062_ID_13251_complete.dat,0.09354463780348118,0.0001580036391730732,937.0254874063642,937.0264144265426,37.803038,0.110862,0.04,947.849321,947.8475,0.00012093855917742755,0.000872850258235293,0.04007954838226499,-0.19847624405915365,0.0005283050725438988,0.003905896361762338,635
63,hyperon_EOS_063_ID_13274_core.dat,hyperon_EOS_063_ID_13274_complete.dat,0.09354463780348118,0.0001580036391730732,937.0254874063642,937.0264144265426,37.834313,0.144397,0.04,949.46956,949.46775,0.00010976386030773404,0.0011360046557236966,0.040025910971630406,-0.0647354950865986,0.0006875830262864298,0.005084881058091096,635
64,hyperon_EOS_064_ID_13448_core.dat,hyperon_EOS_064_ID_13448_complete.dat,0.09354463780348118,0.0001580036391730732,937.0254874063642,937.0264144265426,37.831328,0.132062,0.04,949.086563,949.0847499999999,0.00011388457690072428,0.0010389653793285417,0.040054702730463874,-0.13657005728385796,0.0006288486197008158,0.00465040033921443,635
65,hyperon_EOS_065_ID_14026_core.dat,hyperon_EOS_065_ID_14026_complete.dat,0.09354463780348118,0.0001580036391730732,937.0254874063642,937.0264144265426,37.954815,0.18494,0.04,953.495707,953.493875,9.646607692233366e-05,0.0014491558390819213,0.040049664185699975,-0.12400649720730739,0.0008771222480261998,0.0064934592680999815,635
66,hyperon_EOS_066_ID_14463_core.dat,hyperon_EOS_066_ID_14463_complete.dat,0.09354463780348118,0.0001580036391730732,937.0254874063642,937.0264144265426,37.851913,0.142523,0.04,949.862727,949.8609,0.00011042013296609854,0.0011205500078612473,0.04004955339772565,-0.12373021300273734,0.0006782288801621918,0.005016481989238215,635
67,hyperon_EOS_067_ID_14866_core.dat,hyperon_EOS_067_ID_14866_complete.dat,0.09354463780348118,0.0001580036391730732,937.0254874063642,937.0264144265426,37.957123,0.202974,0.04,954.004251,954.002425,9.046572935039653e-05,0.0015904587832083637,0.04000560838125721,-0.014018987547348427,0.0009626478710561044,0.0071267619262801556,635
68,hyperon_EOS_068_ID_14984_core.dat,hyperon_EOS_068_ID_14984_complete.dat,0.09354463780348118,0.0001580036391730732,937.0254874063642,937.0264144265426,37.805053,0.102871,0.04,947.699933,947.6981000000001,0.00012361649047496422,0.0008097873153017862,0.04010247680181158,-0.25553733829963843,0.0004901353265571399,0.0036237619173826677,635
69,hyperon_EOS_069_ID_15110_core.dat,hyperon_EOS_069_ID_15110_complete.dat,0.09354463780348118,0.0001580036391730732,937.0254874063642,937.0264144265426,37.821763,0.136853,0.04,948.96721,948.9653999999999,0.00011226666707705218,0.0010770657424616983,0.0400320676356609,-0.08010486980776221,0.0006519094080996264,0.004820530914363528,635
70,hyperon_EOS_070_ID_15127_core.dat,hyperon_EOS_070_ID_15127_complete.dat,0.09354463780348118,0.0001580036391730732,937.0254874063642,937.0264144265426,37.959717,0.194913,0.04,953.867548,953.8657499999999,9.315596060392067e-05,0.0015271061870551367,0.04002916002195976,-0.07284694943326953,0.0009243028083253643,0.006843038162073972,635
71,hyperon_EOS_071_ID_15206_core.dat,hyperon_EOS_071_ID_15206_complete.dat,0.09354463780348118,0.0001580036391730732,937.0254874063642,937.0264144265426,37.837707,0.118145,0.04,948.898121,948.8963,0.00011854838903459704,0.0009291366773295183,0.0400976371200304,-0.24349843792074166,0.0005623732307901154,0.00415904172385377,635
72,hyperon_EOS_072_ID_15732_core.dat,hyperon_EOS_072_ID_15732_complete.dat,0.09354463780348118,0.0001580036391730732,937.0254874063642,937.0264144265426,37.904052,0.161969,0.04,951.652336,951.650525,0.00010401978223658167,0.001271272676953329,0.040054853523459104,-0.1369460093693209,0.0007694559261273169,0.005693849660814221,635
73,hyperon_EOS_073_ID_16076_core.dat,hyperon_EOS_073_ID_16076_complete.dat,0.09354463780348118,0.0001580036391730732,937.0254874063642,937.0264144265426,37.952281,0.183498,0.04,953.396288,953.3944749999999,9.694086572643687e-05,0.001437974977464534,0.04005068302796334,-0.12654722499476634,0.0008703548720047737,0.00644321603521972,635
74,hyperon_EOS_074_ID_16184_core.dat,hyperon_EOS_074_ID_16184_complete.dat,0.09354463780348118,0.0001580036391730732,937.0254874063642,937.0264144265426,37.798337,0.104549,0.04,947.573965,947.5721499999999,0.000123046432425753,0.0008232116844255428,0.04009094231489619,-0.22684005325163126,0.0004982606175069544,0.0036836172119626767,635
75,hyperon_EOS_075_ID_16198_core.dat,hyperon_EOS_075_ID_16198_complete.dat,0.09354463780348118,0.0001580036391730732,937.0254874063642,937.0264144265426,37.869048,0.152849,0.04,950.549231,950.5474250000001,0.00010699960971899022,0.0012011003425668263,0.04004109570781992,-0.10263382430839574,0.0007269831195274906,0.005377901248544054,635
76,hyperon_EOS_076_ID_16252_core.dat,hyperon_EOS_076_ID_16252_complete.dat,0.09354463780348118,0.0001580036391730732,937.0254874063642,937.0264144265426,37.930943,0.170297,0.04,952.532802,952.531,0.00010129503730474791,0.001335438040083688,0.04006201678388606,-0.15480195173549482,0.0008082929276674503,0.005982651330786239,635
77,hyperon_EOS_077_ID_16400_core.dat,hyperon_EOS_077_ID_16400_complete.dat,0.09354463780348118,0.0001580036391730732,937.0254874063642,937.0264144265426,37.936657,0.18184,0.04,952.964253,952.9624249999999,9.74598339047824e-05,0.0014257537301736063,0.04003829066835841,-0.09563512257696472,0.0008629577877103104,0.006387578823514338,635
78,hyperon_EOS_078_ID_16552_core.dat,hyperon_EOS_078_ID_16552_complete.dat,0.09354463780348118,0.0001580036391730732,937.0254874063642,937.0264144265426,37.810722,0.121215,0.04,948.300234,948.298425,0.0001174832313725165,0.0009542202098759885,0.04006085646616401,-0.15191004769308236,0.0005775553967533956,0.004270306070630001,635
79,hyperon_EOS_079_ID_16613_core.dat,hyperon_EOS_079_ID_16613_complete.dat,0.09354463780348118,0.0001580036391730732,937.0254874063642,937.0264144265426,37.878828,0.156365,0.04,950.881647,950.879825,0.00010584311310018264,0.0012283348277613282,0.04004243260890874,-0.1059691086282788,0.0007434671802705859,0.0055003164964836405,635
80,hyperon_EOS_080_ID_16834_core.dat,hyperon_EOS_080_ID_16834_complete.dat,0.09354463780348118,0.0001580036391730732,937.0254874063642,937.0264144265426,37.811466,0.125777,0.04,948.432881,948.4310750000001,0.0001159573343169027,0.0009901537526928244,0.04004980782000466,-0.12436469165723052,0.0005993046862397607,0.004431144163719477,635
81,hyperon_EOS_081_ID_16997_core.dat,hyperon_EOS_081_ID_16997_complete.dat,0.09354463780348118,0.0001580036391730732,937.0254874063642,937.0264144265426,37.951581,0.189777,0.04,953.535769,953.5339499999999,9.484804359916392e-05,0.0014872591105203731,0.040033728240341,-0.08424956111635629,0.0009001847967182855,0.006664005274032399,635
82,hyperon_EOS_082_ID_17147_core.dat,hyperon_EOS_082_ID_17147_complete.dat,0.09354463780348118,0.0001580036391730732,937.0254874063642,937.0264144265426,37.892394,0.155549,0.04,951.200395,951.1985750000001,0.00010614036686186403,0.0012213347613193972,0.04005902427664374,-0.14734327085983434,0.0007392302901803047,0.005469623961408125,635
83,hyperon_EOS_083_ID_17176_core.dat,hyperon_EOS_083_ID_17176_complete.dat,0.09354463780348118,0.0001580036391730732,937.0254874063642,937.0264144265426,37.718295,0.053007,0.04,944.284358,944.2825499999999,0.00014025609131312243,0.00041793924994687975,0.0401398352668586,-0.3483703057796439,0.00025296369414902367,0.0018688276306829134,635
84,hyperon_EOS_084_ID_17435_core.dat,hyperon_EOS_084_ID_17435_complete.dat,0.09354463780348118,0.0001580036391730732,937.0254874063642,937.0264144265426,37.776351,0.097312,0.04,946.843403,946.841575,0.00012544461501920402,0.0007667365791179321,0.04008629551691934,-0.2152743619896702,0.0004640782542379286,0.003430243271687121,635
85,hyperon_EOS_085_ID_17609_core.dat,hyperon_EOS_085_ID_17609_complete.dat,0.09354463780348118,0.0001580036391730732,937.0254874063642,937.0264144265426,37.859607,0.146199,0.04,950.146973,950.14515,0.00010920471185563829,0.0011491721133647156,0.040048241193950625,-0.12045770928365007,0.0006955528178957278,0.005144966077369103,635
86,hyperon_EOS_086_ID_18046_core.dat,hyperon_EOS_086_ID_18046_complete.dat,0.09354463780348118,0.0001580036391730732,937.0254874063642,937.0264144265426,37.917177,0.166638,0.04,952.097199,952.095375,0.00010248773810936156,0.0013073509779371402,0.04005678534809808,-0.14176211996197452,0.0007912928325596398,0.005856115018333797,635
87,hyperon_EOS_087_ID_18135_core.dat,hyperon_EOS_087_ID_18135_complete.dat,0.09354463780348118,0.0001580036391730732,937.0254874063642,937.0264144265426,37.811975,0.121599,0.04,948.341179,948.33935,0.00011735649483151411,0.0009572047447145691,0.04006119703566251,-0.15275887939152355,0.0005793618290475145,0.00428370971560089,635
88,hyperon_EOS_088_ID_18173_core.dat,hyperon_EOS_088_ID_18173_complete.dat,0.09354463780348118,0.0001580036391730732,937.0254874063642,937.0264144265426,37.896305,0.164182,0.04,951.513992,951.5121749999998,0.00010326655370083586,0.001289010551038942,0.04004086071491432,-0.10204754389582238,0.0007801920274999858,0.00577290172736011,635
89,hyperon_EOS_089_ID_18789_core.dat,hyperon_EOS_089_ID_18789_complete.dat,0.09354463780348118,0.0001580036391730732,937.0254874063642,937.0264144265426,37.945432,0.184603,0.04,953.252688,953.250875,9.655804772140467e-05,0.0014469900070985919,0.040040520980534226,-0.1011999333223601,0.0008758113473163986,0.006483220148072233,635
90,hyperon_EOS_090_ID_19230_core.dat,hyperon_EOS_090_ID_19230_complete.dat,0.09354463780348118,0.0001580036391730732,937.0254874063642,937.0264144265426,37.885679,0.154286,0.04,951.000942,950.999125,0.00010654974413965238,0.0012116942840109657,0.0400551265521834,-0.13762670831055646,0.0007333952537399355,0.005426129497141839,635
91,hyperon_EOS_091_ID_19515_core.dat,hyperon_EOS_091_ID_19515_complete.dat,0.09354463780348118,0.0001580036391730732,937.0254874063642,937.0264144265426,37.968781,0.186038,0.04,953.872297,953.870475,9.61307802149935e-05,0.001457051783664307,0.040061733601776575,-0.15409618163363392,0.0008819013811432978,0.006529640556357253,635
92,hyperon_EOS_092_ID_19618_core.dat,hyperon_EOS_092_ID_19618_complete.dat,0.09354463780348118,0.0001580036391730732,937.0254874063642,937.0264144265426,37.881416,0.13351,0.04,950.374954,950.37315,0.00011347889549196032,0.001048518822149722,0.04010441439232802,-0.26035635704979576,0.0006346309772759764,0.004695231776429477,635
93,hyperon_EOS_093_ID_19737_core.dat,hyperon_EOS_093_ID_19737_complete.dat,0.09354463780348118,0.0001580036391730732,937.0254874063642,937.0264144265426,37.973915,0.187478,0.04,954.036636,954.034825,9.566269862863932e-05,0.0014680746961623357,0.04006349523457397,-0.1584865079848896,0.0008885731562066286,0.0065793352200274454,635
94,hyperon_EOS_094_ID_20583_core.dat,hyperon_EOS_094_ID_20583_complete.dat,0.09354463780348118,0.0001580036391730732,937.0254874063642,937.0264144265426,37.873949,0.138559,0.04,950.314504,950.3127000000001,0.0001117809388126236,0.001088504218814332,0.040083350260852614,-0.2079423509017797,0.0006588327091151836,0.004873964742403363,635
95,hyperon_EOS_095_ID_20675_core.dat,hyperon_EOS_095_ID_20675_complete.dat,0.09354463780348118,0.0001580036391730732,937.0254874063642,937.0264144265426,37.934849,0.185117,0.04,953.000955,952.99915,9.6363886536139e-05,0.0014515623334153925,0.04002790018830556,-0.0697018533930227,0.0008785788130571723,0.006503101712217663,635
96,hyperon_EOS_096_ID_20832_core.dat,hyperon_EOS_096_ID_20832_complete.dat,0.09354463780348118,0.0001580036391730732,937.0254874063642,937.0264144265426,37.888035,0.136955,0.04,950.626544,950.6247500000001,0.00011233929083588138,0.0010753555163767817,0.0401025452777136,-0.25570765397423534,0.0006508742693603825,0.0048156860324255965,635
97,hyperon_EOS_097_ID_21384_core.dat,hyperon_EOS_097_ID_21384_complete.dat,0.09354463780348118,0.0001580036391730732,937.0254874063642,937.0264144265426,37.903136,0.161226,0.04,951.61085,951.60905,0.00010426593197395632,0.0012654760656454014,0.04005579810301724,-0.13930093933900434,0.0007659474444276781,0.0056678418048936125,635
98,hyperon_EOS_098_ID_21451_core.dat,hyperon_EOS_098_ID_21451_complete.dat,0.09354463780348118,0.0001580036391730732,937.0254874063642,937.0264144265426,37.790066,0.092279,0.04,947.060421,947.058625,0.00012714625748769915,0.0007266643853381106,0.04011403955477198,-0.28428838391174605,0.00043982398720632645,0.0032513607762248878,635
99,hyperon_EOS_099_ID_21746_core.dat,hyperon_EOS_099_ID_21746_complete.dat,0.09354463780348118,0.0001580036391730732,937.0254874063642,937.0264144265426,37.887747,0.150287,0.04,950.952632,950.9508499999998,0.00010788841388808473,0.0011801697807386612,0.040067688527932,-0.16893544504024138,0.0007143145983456678,0.005285054702464868,635
100,hyperon_EOS_100_ID_21760_core.dat,hyperon_EOS_100_ID_21760_complete.dat,0.09354463780348118,0.0001580036391730732,937.0254874063642,937.0264144265426,37.976145,0.192333,0.04,954.213756,954.21195,9.405194180079788e-05,0.00150600661249169,0.04005334609879486,-0.13318762098745163,0.0009115319897740542,0.0067494633120589835,635
