number,ID,filename,rows,nB_min,nB_max,epsilon_min,epsilon_max,P_min,P_max
1,130,hyperon_EOS_001_ID_00130_core.dat,251,0.04,1.4,37.897871,1961.898742,0.153243,759.753624
2,230,hyperon_EOS_002_ID_00230_core.dat,251,0.04,1.4,37.946451,1958.728642,0.181041,753.573891
3,573,hyperon_EOS_003_ID_00573_core.dat,251,0.04,1.4,37.905337,1952.902403,0.150846,722.036993
4,658,hyperon_EOS_004_ID_00658_core.dat,251,0.04,1.4,38.044477,1983.576051,0.24762,817.643592
5,1660,hyperon_EOS_005_ID_01660_core.dat,251,0.04,1.4,37.783014,1964.250293,0.081144,778.378383
6,1776,hyperon_EOS_006_ID_01776_core.dat,251,0.04,1.4,37.921312,1979.400405,0.174198,788.651752
7,1937,hyperon_EOS_007_ID_01937_core.dat,251,0.04,1.4,37.806458,1980.713719,0.103218,827.020799
8,2308,hyperon_EOS_008_ID_02308_core.dat,251,0.04,1.4,37.78438,1964.717469,0.091965,790.837988
9,2900,hyperon_EOS_009_ID_02900_core.dat,251,0.04,1.4,37.949709,1971.730463,0.181781,808.779342
10,2972,hyperon_EOS_010_ID_02972_core.dat,251,0.04,1.4,38.008728,2022.821776,0.213896,859.877116
11,3186,hyperon_EOS_011_ID_03186_core.dat,251,0.04,1.4,37.968258,1979.775198,0.190047,776.837637
12,3321,hyperon_EOS_012_ID_03321_core.dat,251,0.04,1.4,37.780971,1981.467805,0.095146,820.237922
13,3332,hyperon_EOS_013_ID_03332_core.dat,251,0.04,1.4,37.913427,1951.696885,0.162295,730.068312
14,3431,hyperon_EOS_014_ID_03431_core.dat,251,0.04,1.4,37.932333,1977.462669,0.181348,785.098358
15,3564,hyperon_EOS_015_ID_03564_core.dat,251,0.04,1.4,37.8081,1980.307961,0.121566,820.317603
16,3814,hyperon_EOS_016_ID_03814_core.dat,251,0.04,1.4,37.866173,1990.544399,0.152413,813.441912
17,3987,hyperon_EOS_017_ID_03987_core.dat,251,0.04,1.4,37.886318,1971.7435,0.156775,813.958009
18,4157,hyperon_EOS_018_ID_04157_core.dat,251,0.04,1.4,37.929118,1965.393353,0.173164,772.912319
19,4237,hyperon_EOS_019_ID_04237_core.dat,251,0.04,1.4,37.905646,1985.448157,0.151766,804.677818
20,4288,hyperon_EOS_020_ID_04288_core.dat,251,0.04,1.4,37.988971,1981.200842,0.20052,803.710946
21,4352,hyperon_EOS_021_ID_04352_core.dat,251,0.04,1.4,37.959996,1989.107055,0.194228,816.710377
22,4370,hyperon_EOS_022_ID_04370_core.dat,251,0.04,1.4,37.802813,1990.539442,0.116148,842.566358
23,4471,hyperon_EOS_023_ID_04471_core.dat,251,0.04,1.4,37.869176,2027.97841,0.145224,843.0987
24,5131,hyperon_EOS_024_ID_05131_core.dat,251,0.04,1.4,37.878218,1970.355213,0.142591,798.154411
25,5195,hyperon_EOS_025_ID_05195_core.dat,251,0.04,1.4,37.867742,1992.140581,0.143904,841.800093
26,5430,hyperon_EOS_026_ID_05430_core.dat,251,0.04,1.4,37.92174,1986.324525,0.175876,834.163866
27,5471,hyperon_EOS_027_ID_05471_core.dat,251,0.04,1.4,37.974892,1979.495876,0.206471,797.039609
28,6167,hyperon_EOS_028_ID_06167_core.dat,251,0.04,1.4,37.884752,1984.522813,0.157196,781.139885
29,6564,hyperon_EOS_029_ID_06564_core.dat,251,0.04,1.4,37.75352,1988.286513,0.083056,840.82808
30,6600,hyperon_EOS_030_ID_06600_core.dat,251,0.04,1.4,37.820158,1986.495728,0.128988,797.69645
31,7180,hyperon_EOS_031_ID_07180_core.dat,251,0.04,1.4,37.817389,1995.806639,0.12875,836.165341
32,7572,hyperon_EOS_032_ID_07572_core.dat,251,0.04,1.4,37.844366,2013.486725,0.128427,866.922225
33,7924,hyperon_EOS_033_ID_07924_core.dat,251,0.04,1.4,37.921667,2012.306421,0.161757,824.218522
34,7961,hyperon_EOS_034_ID_07961_core.dat,251,0.04,1.4,37.910857,1961.067433,0.173923,735.258749
35,8061,hyperon_EOS_035_ID_08061_core.dat,251,0.04,1.4,37.779965,1973.357651,0.098475,770.940315
36,8413,hyperon_EOS_036_ID_08413_core.dat,251,0.04,1.4,37.913164,2010.767186,0.185318,866.687171
37,8672,hyperon_EOS_037_ID_08672_core.dat,251,0.04,1.4,37.799118,1967.642618,0.112927,771.531415
38,9055,hyperon_EOS_038_ID_09055_core.dat,251,0.04,1.4,37.864162,2014.140942,0.161202,849.603995
39,9188,hyperon_EOS_039_ID_09188_core.dat,251,0.04,1.4,37.930447,1987.040977,0.179802,837.536704
40,9294,hyperon_EOS_040_ID_09294_core.dat,251,0.04,1.4,37.925505,1980.861902,0.179547,769.6864
41,9706,hyperon_EOS_041_ID_09706_core.dat,251,0.04,1.4,37.82461,1985.405082,0.108997,760.520202
42,9848,hyperon_EOS_042_ID_09848_core.dat,251,0.04,1.4,37.797881,2001.73768,0.120325,860.184471
43,10099,hyperon_EOS_043_ID_10099_core.dat,251,0.04,1.4,37.836394,1987.728454,0.145209,812.355514
44,10180,hyperon_EOS_044_ID_10180_core.dat,251,0.04,1.4,37.924894,1990.803955,0.195728,828.288326
45,10181,hyperon_EOS_045_ID_10181_core.dat,251,0.04,1.4,37.923212,1983.762594,0.195545,820.544947
46,10256,hyperon_EOS_046_ID_10256_core.dat,251,0.04,1.4,37.831199,2008.149303,0.134369,818.482868
47,10432,hyperon_EOS_047_ID_10432_core.dat,251,0.04,1.4,37.839911,1973.903263,0.140916,785.786179
48,10470,hyperon_EOS_048_ID_10470_core.dat,251,0.04,1.4,37.929186,1995.387223,0.172205,854.050349
49,10492,hyperon_EOS_049_ID_10492_core.dat,251,0.04,1.4,37.825431,1966.262883,0.113548,785.174065
50,10889,hyperon_EOS_050_ID_10889_core.dat,251,0.04,1.4,37.846955,1998.45607,0.126677,820.174543
51,10911,hyperon_EOS_051_ID_10911_core.dat,251,0.04,1.4,37.886269,2031.822689,0.160853,890.399867
52,11071,hyperon_EOS_052_ID_11071_core.dat,251,0.04,1.4,37.967354,1983.672515,0.210069,824.236647
53,11513,hyperon_EOS_053_ID_11513_core.dat,251,0.04,1.4,37.839235,1997.924531,0.12568,834.8931
54,11717,hyperon_EOS_054_ID_11717_core.dat,251,0.04,1.4,37.922402,1962.9517,0.173943,739.067107
55,11846,hyperon_EOS_055_ID_11846_core.dat,251,0.04,1.4,37.828844,1981.655749,0.133298,810.973006
56,12103,hyperon_EOS_056_ID_12103_core.dat,251,0.04,1.4,37.961414,2021.365673,0.193959,883.935036
57,12471,hyperon_EOS_057_ID_12471_core.dat,251,0.04,1.4,37.895926,1973.631121,0.157798,780.789706
58,12597,hyperon_EOS_058_ID_12597_core.dat,251,0.04,1.4,37.968642,1982.816507,0.192521,780.540651
59,12625,hyperon_EOS_059_ID_12625_core.dat,251,0.04,1.4,37.861012,1967.910161,0.146748,739.700203
60,12849,hyperon_EOS_060_ID_12849_core.dat,251,0.04,1.4,37.940266,1970.998266,0.190225,788.179037
61,12860,hyperon_EOS_061_ID_12860_core.dat,251,0.04,1.4,37.812987,1962.910492,0.119646,742.441857
62,13251,hyperon_EOS_062_ID_13251_core.dat,251,0.04,1.4,37.803038,1961.076508,0.110862,740.190754
63,13274,hyperon_EOS_063_ID_13274_core.dat,251,0.04,1.4,37.834313,1984.867552,0.144397,799.301209
64,13448,hyperon_EOS_064_ID_13448_core.dat,251,0.04,1.4,37.831328,1981.62949,0.132062,767.514725
65,14026,hyperon_EOS_065_ID_14026_core.dat,251,0.04,1.4,37.954815,1963.178217,0.18494,747.294836
66,14463,hyperon_EOS_066_ID_14463_core.dat,251,0.04,1.4,37.851913,2001.471136,0.142523,807.636635
67,14866,hyperon_EOS_067_ID_14866_core.dat,251,0.04,1.4,37.957123,2018.349862,0.202974,829.798007
68,14984,hyperon_EOS_068_ID_14984_core.dat,251,0.04,1.4,37.805053,1975.427337,0.102871,744.031234
69,15110,hyperon_EOS_069_ID_15110_core.dat,251,0.04,1.4,37.821763,1979.823819,0.136853,789.300855
70,15127,hyperon_EOS_070_ID_15127_core.dat,251,0.04,1.4,37.959717,1973.81446,0.194913,779.803433
71,15206,hyperon_EOS_071_ID_15206_core.dat,251,0.04,1.4,37.837707,2034.392527,0.118145,848.62329
72,15732,hyperon_EOS_072_ID_15732_core.dat,251,0.04,1.4,37.904052,2094.592698,0.161969,904.117346
73,16076,hyperon_EOS_073_ID_16076_core.dat,251,0.04,1.4,37.952281,1970.856648,0.183498,757.917217
74,16184,hyperon_EOS_074_ID_16184_core.dat,251,0.04,1.4,37.798337,1953.743567,0.104549,719.487082
75,16198,hyperon_EOS_075_ID_16198_core.dat,251,0.04,1.4,37.869048,1971.851208,0.152849,739.749311
76,16252,hyperon_EOS_076_ID_16252_core.dat,251,0.04,1.4,37.930943,1969.206673,0.170297,750.34832
77,16400,hyperon_EOS_077_ID_16400_core.dat,251,0.04,1.4,37.936657,1998.897054,0.18184,806.243756
78,16552,hyperon_EOS_078_ID_16552_core.dat,251,0.04,1.4,37.810722,1990.735789,0.121215,785.102916
79,16613,hyperon_EOS_079_ID_16613_core.dat,251,0.04,1.4,37.878828,1972.117342,0.156365,752.573203
80,16834,hyperon_EOS_080_ID_16834_core.dat,251,0.04,1.4,37.811466,1981.884194,0.125777,767.436964
81,16997,hyperon_EOS_081_ID_16997_core.dat,251,0.04,1.4,37.951581,2006.171087,0.189777,837.295704
82,17147,hyperon_EOS_082_ID_17147_core.dat,251,0.04,1.4,37.892394,2023.657571,0.155549,830.966924
83,17176,hyperon_EOS_083_ID_17176_core.dat,251,0.04,1.4,37.718295,1964.616014,0.053007,747.825418
84,17435,hyperon_EOS_084_ID_17435_core.dat,251,0.04,1.4,37.776351,1966.786945,0.097312,745.123
85,17609,hyperon_EOS_085_ID_17609_core.dat,251,0.04,1.4,37.859607,1957.323748,0.146199,734.825703
86,18046,hyperon_EOS_086_ID_18046_core.dat,251,0.04,1.4,37.917177,1990.567537,0.166638,797.529369
87,18135,hyperon_EOS_087_ID_18135_core.dat,251,0.04,1.4,37.811975,1991.108303,0.121599,781.175519
88,18173,hyperon_EOS_088_ID_18173_core.dat,251,0.04,1.4,37.896305,1968.795724,0.164182,717.803094
89,18789,hyperon_EOS_089_ID_18789_core.dat,251,0.04,1.4,37.945432,1967.574381,0.184603,741.443828
90,19230,hyperon_EOS_090_ID_19230_core.dat,251,0.04,1.4,37.885679,1984.109968,0.154286,781.674858
91,19515,hyperon_EOS_091_ID_19515_core.dat,251,0.04,1.4,37.968781,1981.032076,0.186038,762.350655
92,19618,hyperon_EOS_092_ID_19618_core.dat,251,0.04,1.4,37.881416,1977.097562,0.13351,726.388413
93,19737,hyperon_EOS_093_ID_19737_core.dat,251,0.04,1.4,37.973915,2009.891158,0.187478,792.661326
94,20583,hyperon_EOS_094_ID_20583_core.dat,251,0.04,1.4,37.873949,1960.939013,0.138559,698.981377
95,20675,hyperon_EOS_095_ID_20675_core.dat,251,0.04,1.4,37.934849,1975.068049,0.185117,721.801019
96,20832,hyperon_EOS_096_ID_20832_core.dat,251,0.04,1.4,37.888035,1972.537777,0.136955,714.376027
97,21384,hyperon_EOS_097_ID_21384_core.dat,251,0.04,1.4,37.903136,1967.913733,0.161226,686.666541
98,21451,hyperon_EOS_098_ID_21451_core.dat,251,0.04,1.4,37.790066,1959.251218,0.092279,678.147878
99,21746,hyperon_EOS_099_ID_21746_core.dat,251,0.04,1.4,37.887747,1968.214833,0.150287,680.301903
100,21760,hyperon_EOS_100_ID_21760_core.dat,251,0.04,1.4,37.976145,1954.687338,0.192333,663.783062
