eos,rows,resolved_mmax,index_mmax,models_after_mmax,Mmax,R_Mmax_km,last_mass,R1.4_km,R1.6_km,Lambda1.4,Lambda1.6
hyperon_EOS_001_ID_00130_complete,400,True,376,23,2.02890158,11.8384705,2.02816057,13.14639103750271,13.168884058623377,670.1953942990212,301.48890398042784
hyperon_EOS_002_ID_00230_complete,400,True,379,20,2.0275805,11.8147383,2.02679706,13.11089113254131,13.131901081599052,643.2642516444489,290.7443389692488
hyperon_EOS_003_ID_00573_complete,400,True,363,36,2.03088474,11.9798517,2.02871203,13.196311152868745,13.237833079951136,709.981525780542,321.5055907982035
hyperon_EOS_004_ID_00658_complete,400,True,396,3,2.04146624,11.680028,2.04140377,13.151221730064046,13.14620746651086,589.0712642466235,268.378374803471
hyperon_EOS_005_ID_01660_complete,400,True,379,20,2.04303145,11.6983557,2.04229426,12.85575943234108,12.944110739680141,685.4809796015272,310.2699167231161
hyperon_EOS_006_ID_01776_complete,400,True,383,16,2.05131483,11.7870359,2.05080032,13.13854733351957,13.176395379873956,657.6239496635322,300.41392385733366
hyperon_EOS_007_ID_01937_complete,400,True,396,3,2.05224752,11.5319748,2.05218172,12.795518385129318,12.872918598104732,631.8816563609837,287.06452931811873
hyperon_EOS_008_ID_02308_complete,400,True,395,4,2.03521013,11.5407581,2.03513694,12.804535018939497,12.870741520730492,633.4178711982835,285.3627934902108
hyperon_EOS_009_ID_02900_complete,400,True,394,5,2.03777695,11.5565519,2.0376749,12.86092003097401,12.910262295108115,597.1114361034157,271.58052100822334
hyperon_EOS_010_ID_02972_complete,400,True,370,29,2.09742856,11.9748688,2.09600949,13.342497200113177,13.3803250196667,695.8039472288664,321.76587448089225
hyperon_EOS_011_ID_03186_complete,400,True,372,27,2.05754805,11.9140596,2.05631423,13.203974660470827,13.243601733984262,678.6741708769092,310.56536019852325
hyperon_EOS_012_ID_03321_complete,400,True,392,7,2.0486598,11.6005535,2.04863644,12.928482658325787,12.981784082787268,654.316213609689,294.4002652068378
hyperon_EOS_013_ID_03332_complete,400,True,377,22,2.0311358,11.7799416,2.03033638,12.989064590046961,13.042722343453296,642.4641241710542,292.8366442516162
hyperon_EOS_014_ID_03431_complete,400,True,380,19,2.04895926,11.8078127,2.04836988,13.147774366443715,13.180959042853743,654.0250336547892,298.40202926492145
hyperon_EOS_015_ID_03564_complete,400,True,397,2,2.03869033,11.6070576,2.03864622,13.04993175931529,13.071551939831911,646.4876020612945,289.45714193464295
hyperon_EOS_016_ID_03814_complete,400,True,383,16,2.06073403,11.7747898,2.06037593,13.149384888364542,13.1795895477661,658.2826768647974,299.26022831313526
hyperon_EOS_017_ID_03987_complete,600,True,408,191,2.03401852,11.4785976,1.99960577,12.880210472455206,12.9228191,604.0527809638868,273.31206549105883
hyperon_EOS_018_ID_04157_complete,400,True,391,8,2.03917456,11.6520729,2.03898382,12.947900665302319,13.000573766045298,622.0044459386689,284.06768856993364
hyperon_EOS_019_ID_04237_complete,400,True,380,19,2.06603312,11.7638102,2.06531739,12.998633284127289,13.073245239001835,669.9552498203419,307.52339545004793
hyperon_EOS_020_ID_04288_complete,400,True,384,15,2.04925609,11.7544355,2.04897928,13.099512241128973,13.135572493470761,642.9021812237413,293.44002544682337
hyperon_EOS_021_ID_04352_complete,400,True,387,12,2.05874491,11.7266493,2.05846143,13.093022135519655,13.134122801938112,637.6321254841768,292.47166035987976
hyperon_EOS_022_ID_04370_complete,600,True,399,200,2.04893208,11.5943041,2.01223588,13.062027892718467,13.092155470824762,662.2287764108785,297.10982836953735
hyperon_EOS_023_ID_04471_complete,400,True,356,43,2.11608243,12.119545,2.11327076,13.403538548412655,13.456303135594757,760.8534099776851,350.56257601092733
hyperon_EOS_024_ID_05131_complete,400,True,396,3,2.04406261,11.5518217,2.04391789,12.828662759954897,12.898218457658762,622.3427179259029,283.2526834628929
hyperon_EOS_025_ID_05195_complete,400,True,392,7,2.05947685,11.6265669,2.05945802,12.976418893798044,13.034766981408346,647.2155715685212,295.11281817328603
hyperon_EOS_026_ID_05430_complete,400,True,392,7,2.04645419,11.6406708,2.04645348,13.043218721127133,13.078820029018832,633.8700511551091,287.96889159969095
hyperon_EOS_027_ID_05471_complete,400,True,387,12,2.0447886,11.7477636,2.04456854,13.1492030751115,13.168615958598382,630.5418825834331,287.44000842805843
hyperon_EOS_028_ID_06167_complete,400,True,369,30,2.06238413,11.9490252,2.06102204,13.273111856942133,13.309058315089194,705.4537908189827,321.84338340994
hyperon_EOS_029_ID_06564_complete,400,True,396,3,2.04595566,11.5568047,2.04594278,12.990488908122945,13.030576595153263,673.1099026663625,300.0865806311525
hyperon_EOS_030_ID_06600_complete,400,True,388,11,2.05260658,11.7638941,2.05234313,13.230242085042626,13.247329072815003,684.7210579744446,308.5141044922215
hyperon_EOS_031_ID_07180_complete,400,True,395,4,2.05846095,11.6821394,2.05830216,13.163175827860684,13.188194485048253,675.060746396079,304.34582728185126
hyperon_EOS_032_ID_07572_complete,400,True,386,13,2.08916092,11.7358551,2.08852816,13.06333322320393,13.135771763910356,692.4124784520009,317.2404162889336
hyperon_EOS_033_ID_07924_complete,400,True,368,31,2.10865355,11.9345827,2.10648894,13.117639226444618,13.208472938763062,703.1960783955273,327.83331916167833
hyperon_EOS_034_ID_07961_complete,400,True,375,24,2.03611636,11.877574,2.0352304,13.20594892354717,13.23161821610466,666.5325153829042,303.42157992100084
hyperon_EOS_035_ID_08061_complete,400,True,378,21,2.04477215,11.809248,2.04417276,13.160717978870862,13.198136457505797,710.3953651219576,318.98899585888745
hyperon_EOS_036_ID_08413_complete,400,True,396,3,2.07322788,11.6598434,2.07315683,13.158307610486714,13.181103738115915,633.3543910520663,289.4144139824258
hyperon_EOS_037_ID_08672_complete,400,True,386,13,2.03429222,11.7096729,2.03409433,13.08675892505391,13.12007109523193,672.519233115055,302.2831450289333
hyperon_EOS_038_ID_09055_complete,400,True,384,15,2.07792997,11.8290958,2.07764745,13.35917293073098,13.366167001634357,689.0130384352553,312.87382217302036
hyperon_EOS_039_ID_09188_complete,600,True,406,193,2.04841208,11.5231066,2.0135293,12.974433918457072,13.01420245696585,616.3124690886976,280.253278460489
hyperon_EOS_040_ID_09294_complete,400,True,378,21,2.05946445,11.8883848,2.05840349,13.250943589179752,13.288512973411935,683.5169767010065,313.7807945220163
hyperon_EOS_041_ID_09706_complete,400,True,358,41,2.08568048,12.0249519,2.08254862,13.154472216791554,13.243791989317964,749.1187750722934,345.1149127803227
hyperon_EOS_042_ID_09848_complete,400,True,396,3,2.06116033,11.6136446,2.06115198,13.084792462591688,13.112808452471748,655.5238955744343,295.3556385916729
hyperon_EOS_043_ID_10099_complete,400,True,392,7,2.04915094,11.7055349,2.04907942,13.204833772359365,13.213797609834502,660.7852176200569,297.5507067603253
hyperon_EOS_044_ID_10180_complete,600,True,402,197,2.04876685,11.6326475,2.01278162,13.181704969662684,13.183479927135823,621.0391606147743,281.65844116925075
hyperon_EOS_045_ID_10181_complete,400,True,394,5,2.03899837,11.6614475,2.03897595,13.167892218908245,13.161367951585921,615.5981539386345,277.60668631969486
hyperon_EOS_046_ID_10256_complete,400,True,373,26,2.08580661,11.9545145,2.08454132,13.362981818342348,13.39450168202125,733.695075826767,334.1035228825471
hyperon_EOS_047_ID_10432_complete,400,True,394,5,2.03927493,11.6769876,2.03917003,13.125085414831062,13.14836712513707,658.3325257591484,296.86231741453435
hyperon_EOS_048_ID_10470_complete,400,True,394,5,2.06248236,11.5766525,2.06246972,12.908465435622668,12.967713466605884,617.0587240644023,282.3156534345776
hyperon_EOS_049_ID_10492_complete,400,True,387,12,2.04051089,11.6382217,2.04028559,12.882778813655058,12.954433941113919,658.8553903363684,298.3548137597213
hyperon_EOS_050_ID_10889_complete,400,True,374,25,2.08055902,11.8398218,2.07947373,13.095086094700747,13.173023740728146,710.9878464153487,326.4611730953799
hyperon_EOS_051_ID_10911_complete,400,True,389,10,2.10555577,11.7584047,2.10519338,13.18743644765817,13.24584200761376,685.4922048150038,316.6223156174345
hyperon_EOS_052_ID_11071_complete,400,True,397,2,2.0404613,11.6139822,2.04039145,13.092677023493884,13.09995820427613,603.8433071861891,273.6525249839425
hyperon_EOS_053_ID_11513_complete,400,True,382,17,2.07759714,11.7138958,2.07722092,12.970171219620996,13.048030043962946,670.6246804602093,307.27757519364656
hyperon_EOS_054_ID_11717_complete,400,True,371,28,2.04051471,11.8891449,2.03957605,13.172644414856302,13.214103540891408,673.9969958299965,308.17239267006755
hyperon_EOS_055_ID_11846_complete,400,True,397,2,2.04669762,11.6236954,2.04661798,13.056601960748356,13.095028707835674,655.0497535937131,296.32870524800916
hyperon_EOS_056_ID_12103_complete,400,True,394,5,2.09012079,11.6995382,2.08984065,13.134900852712175,13.183716725185926,654.4185792566103,301.6412552053911
hyperon_EOS_057_ID_12471_complete,400,True,381,18,2.0456655,11.7801104,2.04509735,13.112754716422993,13.1592999,676.152319805144,307.74988504352046
hyperon_EOS_058_ID_12597_complete,400,True,374,25,2.0604496,11.8803616,2.05953217,13.201414948508587,13.2479801,679.9380506874685,312.50811882001545
hyperon_EOS_059_ID_12625_complete,400,True,370,29,2.04690957,11.9393129,2.04560947,13.260295527673005,13.297256314410955,705.592218735302,321.55561458938365
hyperon_EOS_060_ID_12849_complete,600,True,402,197,2.03553009,11.5890675,1.99923384,13.035092616384178,13.062638311668051,614.9633564783785,279.5232449764585
hyperon_EOS_061_ID_12860_complete,400,True,380,19,2.03608871,11.8181162,2.03539252,13.18391550997186,13.218231428137557,702.2449504684906,316.5254542622684
hyperon_EOS_062_ID_13251_complete,400,True,376,23,2.03957057,11.817441,2.03876758,13.094551843969718,13.147311612765543,694.1540767744694,314.45738847170173
hyperon_EOS_063_ID_13274_complete,400,True,397,2,2.04825854,11.7014809,2.04815817,13.240494554399485,13.2464537322621,671.4029555605294,301.93598912116346
hyperon_EOS_064_ID_13448_complete,400,True,381,18,2.05995035,11.8504629,2.05909252,13.246625613715782,13.28435000363871,704.2928949934196,320.7394533320968
hyperon_EOS_065_ID_14026_complete,400,True,374,25,2.03475332,11.8480139,2.03419662,13.167741800192951,13.206816870221896,673.525429022483,307.2844978671735
hyperon_EOS_066_ID_14463_complete,400,True,370,29,2.08413768,11.9456472,2.08266354,13.270506695772763,13.320707076328823,720.4063303266312,330.2279187102321
hyperon_EOS_067_ID_14866_complete,400,True,378,21,2.10127974,11.9246168,2.10018444,13.3434869158682,13.385851553401734,688.6776668399002,320.21807629836127
hyperon_EOS_068_ID_14984_complete,400,True,365,34,2.07153916,11.9543457,2.06911421,13.13119950844191,13.214821935058987,737.066944024329,338.3750590751667
hyperon_EOS_069_ID_15110_complete,400,True,392,7,2.0449369,11.7309561,2.04482508,13.221597147326097,13.236951472218225,679.0395189160826,305.92895694285284
hyperon_EOS_070_ID_15127_complete,400,True,393,6,2.04341221,11.6908388,2.04316974,13.097862040116148,13.132864,636.9032414833621,291.0194746994816
hyperon_EOS_071_ID_15206_complete,400,True,354,45,2.13826656,12.0468264,2.13545108,13.16728095128147,13.280952192202033,756.5664261101389,354.5786312549293
hyperon_EOS_072_ID_15732_complete,400,True,337,62,2.20509958,12.475955,2.19701815,13.746599660152567,13.827006859208074,879.0004180356543,415.8259999118118
hyperon_EOS_073_ID_16076_complete,400,True,375,24,2.04883409,11.8326426,2.04808307,13.127866268042915,13.178481194848525,669.6255159650954,307.0107732329166
hyperon_EOS_074_ID_16184_complete,400,True,379,20,2.03600049,11.7997885,2.03508496,13.065792412817956,13.128834599096416,701.0123000331326,318.03712183914206
hyperon_EOS_075_ID_16198_complete,400,True,375,24,2.05565476,11.9154959,2.05427337,13.252880141098263,13.294742249365793,699.0195554616845,320.09636385329827
hyperon_EOS_076_ID_16252_complete,400,True,374,25,2.04847312,11.8785028,2.04719973,13.176009604083374,13.228627685531276,694.1616135361095,317.83856594548956
hyperon_EOS_077_ID_16400_complete,400,True,370,29,2.0789957,11.9357653,2.07781529,13.264441533078822,13.311238861294349,698.2188833346845,321.5006536569044
hyperon_EOS_078_ID_16552_complete,400,True,382,17,2.06974912,11.8376255,2.06895256,13.2529038541036,13.293888537907618,718.9332932542077,326.72242844537425
hyperon_EOS_079_ID_16613_complete,400,True,378,21,2.05274463,11.8560371,2.05185437,13.187412364983908,13.233145068185639,685.2600733436971,313.68612921550204
hyperon_EOS_080_ID_16834_complete,400,True,371,28,2.05777907,11.9335699,2.05680919,13.32236525077221,13.351877909106722,728.2210154279811,330.0867209937455
hyperon_EOS_081_ID_16997_complete,400,True,387,12,2.07943249,11.7703981,2.07895565,13.177836047802197,13.223563382541876,667.1721433246208,306.99359810668597
hyperon_EOS_082_ID_17147_complete,400,True,362,37,2.12040138,12.0243616,2.11811805,13.252999224309116,13.333879759278375,732.0263484678243,341.15075908346546
hyperon_EOS_083_ID_17176_complete,400,True,377,22,2.04897285,11.760601,2.04803109,12.979821725736594,13.066302841523145,730.208763187031,330.11197021535827
hyperon_EOS_084_ID_17435_complete,400,True,378,21,2.0444932,11.8205652,2.04367638,13.159215572543268,13.209300867883085,722.5071816227171,326.1661346104377
hyperon_EOS_085_ID_17609_complete,400,True,383,16,2.03383994,11.7604322,2.03333545,13.078591900141987,13.12276126332002,661.7996745597272,300.8414706646467
hyperon_EOS_086_ID_18046_complete,400,True,379,20,2.0719285,11.8153296,2.0711627,13.1301434190757,13.192760046100126,685.4140904164548,315.3732799454268
hyperon_EOS_087_ID_18135_complete,400,True,365,34,2.07711124,11.9436197,2.07596803,13.221044639452089,13.277592343249973,719.8467985792025,329.3877824080528
hyperon_EOS_088_ID_18173_complete,400,True,364,35,2.05794024,12.0550194,2.05538082,13.362318562785244,13.404755817775586,731.2848017300992,335.97649969094334
hyperon_EOS_089_ID_18789_complete,400,True,377,22,2.04819012,11.8459024,2.04729342,13.163046371801862,13.2087917,670.5752458250602,307.64475474392486
hyperon_EOS_090_ID_19230_complete,400,True,380,19,2.06359529,11.8263931,2.06282258,13.178326609190508,13.23385932029248,700.8716078116478,320.82597846809745
hyperon_EOS_091_ID_19515_complete,400,True,377,22,2.06749558,11.8617811,2.06629086,13.151369055935097,13.213684992389764,681.6599654387903,314.8189643494967
hyperon_EOS_092_ID_19618_complete,400,True,351,48,2.08191586,12.1287508,2.07755375,13.251368049574985,13.346882154903044,779.90620459004,361.8164931256735
hyperon_EOS_093_ID_19737_complete,400,True,362,37,2.10980606,12.0551882,2.10697079,13.288573076799022,13.36805255036961,731.1377615482597,342.1674732672065
hyperon_EOS_094_ID_20583_complete,400,True,356,43,2.05800247,12.0904064,2.05453324,13.2765609407932,13.351054790609105,762.2187848054168,351.15730494254285
hyperon_EOS_095_ID_20675_complete,400,True,358,41,2.06758142,12.095643,2.06521702,13.380037089268672,13.42757723513767,725.9059688903143,336.0947519159445
hyperon_EOS_096_ID_20832_complete,400,True,349,50,2.07848287,12.1377878,2.07423258,13.244624776599576,13.33608451688252,772.4749071232195,357.85282068929735
hyperon_EOS_097_ID_21384_complete,400,True,340,59,2.0718863,12.3055201,2.06680536,13.492071104197143,13.552881000494466,796.0884240659278,368.9959704172994
hyperon_EOS_098_ID_21451_complete,400,True,346,53,2.07034731,12.1785803,2.06505442,13.267664326953323,13.369257803263569,809.9480348373802,374.84080027163685
hyperon_EOS_099_ID_21746_complete,400,True,341,58,2.07335711,12.3248606,2.06775403,13.553923965803472,13.623243279215938,839.6221479707676,389.39190397698883
hyperon_EOS_100_ID_21760_complete,400,True,350,49,2.05010867,12.2270594,2.04604864,13.495864503512447,13.544206237153126,772.4531317256948,357.5509474088524
